{"cameraMode":{"drawMode":0,"name":"Shaded","section":"Shading Mode"},"sceneLighting":true,"audioPlay":false,"sceneViewState":{"m_AlwaysRefresh":false,"showFog":false,"showSkybox":true,"showFlares":false,"showImageEffects":false,"showParticleSystems":false,"showVisualEffectGraphs":true,"m_FxEnabled":true},"in2DMode":false,"pivot":{"x":-0.4745822250843048,"y":5.110565185546875,"z":-4.251738548278809},"rotation":{"x":0.4589269757270813,"y":0.025853119790554048,"z":-0.013353540562093258,"w":0.8880100250244141},"size":1.2247450351715088,"orthographic":false}