{"cameraMode":{"drawMode":0,"name":"Shaded","section":"Shading Mode"},"sceneLighting":true,"audioPlay":false,"sceneViewState":{"m_AlwaysRefresh":false,"showFog":false,"showSkybox":true,"showFlares":false,"showImageEffects":false,"showParticleSystems":false,"showVisualEffectGraphs":true,"m_FxEnabled":true},"in2DMode":false,"pivot":{"x":-0.6686704158782959,"y":7.405694961547852,"z":4.45884895324707},"rotation":{"x":-0.05096863955259323,"y":0.020959321409463884,"z":-0.001063638599589467,"w":-0.9984980821609497},"size":14.094027519226075,"orthographic":false}