{"cameraMode":{"drawMode":0,"name":"Shaded","section":"Shading Mode"},"sceneLighting":true,"audioPlay":false,"sceneViewState":{"m_AlwaysRefresh":false,"showFog":false,"showSkybox":true,"showFlares":false,"showImageEffects":false,"showParticleSystems":false,"showVisualEffectGraphs":true,"m_FxEnabled":true},"in2DMode":false,"pivot":{"x":-22.076452255249025,"y":11.334392547607422,"z":-19.402694702148439},"rotation":{"x":-0.008614382706582547,"y":-0.28978806734085085,"z":0.0026094906497746708,"w":-0.9570659399032593},"size":1.2932517528533936,"orthographic":false}