{"cameraMode":{"drawMode":0,"name":"Shaded","section":"Shading Mode"},"sceneLighting":true,"audioPlay":false,"sceneViewState":{"m_AlwaysRefresh":false,"showFog":false,"showSkybox":true,"showFlares":false,"showImageEffects":false,"showParticleSystems":false,"showVisualEffectGraphs":true,"m_FxEnabled":true},"in2DMode":false,"pivot":{"x":1079.9578857421875,"y":450.3088684082031,"z":-94.88287353515625},"rotation":{"x":-0.08200583606958389,"y":0.09849182516336441,"z":-0.008139543235301972,"w":-0.9917373657226563},"size":370.46868896484377,"orthographic":false}