{"cameraMode":{"drawMode":0,"name":"Shaded","section":"Shading Mode"},"sceneLighting":true,"audioPlay":false,"sceneViewState":{"m_AlwaysRefresh":false,"showFog":false,"showSkybox":true,"showFlares":false,"showImageEffects":false,"showParticleSystems":false,"showVisualEffectGraphs":true,"m_FxEnabled":true},"in2DMode":false,"pivot":{"x":1231.9556884765625,"y":719.2160034179688,"z":519.2169189453125},"rotation":{"x":0.07343342155218125,"y":-0.005383148789405823,"z":0.0004040733037982136,"w":0.9972971081733704},"size":1065.786376953125,"orthographic":false}