{"cameraMode":{"drawMode":0,"name":"Shaded","section":"Shading Mode"},"sceneLighting":false,"audioPlay":false,"sceneViewState":{"m_AlwaysRefresh":false,"showFog":false,"showSkybox":false,"showFlares":false,"showImageEffects":false,"showParticleSystems":false,"showVisualEffectGraphs":true,"m_FxEnabled":true},"in2DMode":false,"pivot":{"x":-0.6443556547164917,"y":2.664105176925659,"z":-0.17941373586654664},"rotation":{"x":0.015484670177102089,"y":-0.9756847620010376,"z":0.07331535965204239,"w":0.20614254474639893},"size":2.2061781883239748,"orthographic":false}