{"cameraMode":{"drawMode":0,"name":"Shaded","section":"Shading Mode"},"sceneLighting":false,"audioPlay":false,"sceneViewState":{"m_AlwaysRefresh":false,"showFog":false,"showSkybox":false,"showFlares":false,"showImageEffects":false,"showParticleSystems":false,"showVisualEffectGraphs":true,"m_FxEnabled":true},"in2DMode":false,"pivot":{"x":-0.49221929907798769,"y":0.04160940647125244,"z":0.07951521873474121},"rotation":{"x":0.18344978988170625,"y":0.009439914487302304,"z":-0.00175405852496624,"w":0.9829975962638855},"size":1.2247450351715088,"orthographic":false}