{"cameraMode":{"drawMode":0,"name":"Shaded","section":"Shading Mode"},"sceneLighting":false,"audioPlay":false,"sceneViewState":{"m_AlwaysRefresh":false,"showFog":false,"showSkybox":false,"showFlares":false,"showImageEffects":false,"showParticleSystems":false,"showVisualEffectGraphs":true,"m_FxEnabled":true},"in2DMode":false,"pivot":{"x":0.2361610233783722,"y":0.3324460983276367,"z":0.40620899200439455},"rotation":{"x":0.26524245738983157,"y":-0.018216503784060479,"z":0.005027153063565493,"w":0.9640144109725952},"size":2.370227575302124,"orthographic":false}