{"cameraMode":{"drawMode":0,"name":"Shaded","section":"Shading Mode"},"sceneLighting":false,"audioPlay":false,"sceneViewState":{"m_AlwaysRefresh":false,"showFog":false,"showSkybox":false,"showFlares":false,"showImageEffects":false,"showParticleSystems":false,"showVisualEffectGraphs":true,"m_FxEnabled":true},"in2DMode":false,"pivot":{"x":0.1839059293270111,"y":-0.23560106754302979,"z":0.007170438766479492},"rotation":{"x":0.3338339924812317,"y":-0.02628869004547596,"z":0.00932958535850048,"w":0.9422373175621033},"size":2.370227575302124,"orthographic":false}